,OTU,L2F,Kingdom,Phylum,Class,Order,Family,Genus,Species
1, TACATAGGGTGCAAGCGTTATCCGGAATTATTGGGCGTAAAGCGTTCGTAGGCGGTTTATTAAGTCTGAAGTTAAAGCTCGGTGCTCAACACCGACCCGCTTTGGATACTGATAGACTAGAGTTATATAGAGGTTAGCGGAACTCCATGTGAAGCGGTGGAATGCGTAGATATATGGAAGAACACCAATGGCGAAGGCAGCTAACTGGATATACACTGACGCTGAGGAACGAAAGCGTGGGGAGCAAACAGG,-1.846,Kingdom_Bacteria,Phylum_Firmicutes,Class_Bacilli,Order_Mycoplasmatales,Family_Mycoplasmataceae,Genus_Mycoplasma,Genus_Mycoplasma
2, TTCCAGCTCCAATAGCGTATATTAAAGTTGCTGCAGTTAAAAAGCTCGTAGCTGGATCTCGGGTCCAGGCTGGCGGTCCACCTCGTTGTGGTTACTGCCTGTTCTGACCCAACCTCTCGGTTGTAAACCCTTGGTGCTCTTGATTGAGTTGCTTCGGGTGGCCGAAACTTTTACTTTGAAAAAATTAGAGTGTTCAAAGCAGGCGATTCGCCTGCACAATGGTGCATGGAATAATGGAATAGGACCTCGGTTCTATTTTGTTGGTTTTCGGAACACGAGGTAATGATTAAGAGGGACTGACGGGGGCATTCGTATGGCGGGGTTAGAGGTGAAATTCTTGGATCCTCGCCAGACGGCCTACAGCGAAAGCATTTGCCAAGCATGTTTTCATTAGTCAAGAACGAAAGTCAGAGGTTCGAAGACG,-2.321,Kingdom_Eukaryota,Kingdom_Eukaryota,Kingdom_Eukaryota,Kingdom_Eukaryota,Kingdom_Eukaryota,Kingdom_Eukaryota,Kingdom_Eukaryota
3, GACGGAGGATGCAAGTGTTATCCGGAATCACTGGGCGTAAAGCGTCTGTAGGTGGTTTAATAAGTCAACTGTTAAATCTTGAGGCTCAACTTCAAAATCGCAGTCGAAACTATTAGACTAGAGTATAGTAGAGGTAAAGGGAATTTCCAGTGGAGCGGTGAAATGCGTAGATATTGGAAAGAACACCGATGGCGAAAGCACTTTACTGGGCTATTACTAACACTCAGAGACGAAAGCTAGGGTAGCAAATGGG,-2.288,Kingdom_Bacteria,Phylum_Cyanobacteria,Class_Cyanobacteriia,Order_Chloroplast,Order_Chloroplast,Order_Chloroplast,Order_Chloroplast
4, TACGGAGGGTGCAAGCGTTACTCGGAATCACTGGGCGTAAAGAGCGTGTAGGCGGGTTTGTAAGTTTGAAGTGAAATCCAATGGCTCAACCATTGAACTGCTTTGAAAACTGCTTACCTAGAATATGGGAGAGGTAGATGGAATTTCTGGTGTAGGGGTAAAATCCGTAGAGATCAGAAGGAATACCGATTGCGAAGGCGATCTACTGGAACATTATTGACGCTGAGACGCGAAAGCGTGGGGAGCAAACAGG,-3.237,Kingdom_Bacteria,Phylum_Campilobacterota,Class_Campylobacteria,Order_Campylobacterales,Family_Arcobacteraceae,Genus_Poseidonibacter,Species_lekithochrous
5, TACGAAGGGGGCTAGCGTTGTTCGGAATTACTGGGCGTAAAGGGCGTCTAGGTGGTTTTGTTAGTTGGATGTGAAAGCCCTCGGCTCAACCGAGGAATTGCATCCAAAACTGCATTACTAGAGTGTGAAAGGGGAAGGCGGAATTCCAAGTGTAGCGGTGAAATGCGTAGATATTTGGAGGAACACCGGTGGCGAAGGCGGCCTTCTGGTTCAACACTGACACTAAAGCGCGAAGGCTAGGGGAGCGAACAGG,-3.106,Kingdom_Bacteria,Phylum_Verrucomicrobiota,Class_Omnitrophia,Class_Omnitrophia,Class_Omnitrophia,Class_Omnitrophia,Class_Omnitrophia
6, TACGGAGGGTGCGAGCGTTAATCGGAATTACTGGGCGTAAAGCGCATGCAGGTGGTTTGTTAAGTCAGATGTGAAAGCCCGGGGCTCAACCTCGGAATAGCATTTGAAACTGGCAGACTAGAGTACTGTAGAGGGGGGTAGAATTTCAGGTGTAGCGGTGAAATGCGTAGAGATCTGAAGGAATACCGGTGGCGAAGGCGGCCCCCTGGACAGATACTGACACTCAGATGCGAAAGCGTGGGGAGCAAACAGG,-2.433,Kingdom_Bacteria,Phylum_Proteobacteria,Class_Gammaproteobacteria,Order_Vibrionales,Family_Vibrionaceae,Genus_Vibrio,Genus_Vibrio
7, TACGGAGGGTGCGAGCGTTAATCGGAATTACTGGGCGTAAAGCGCATGCAGGTGGTTTGTTAAGTCAGATGTGAAAGCCCGGGGCTCAACCTCGGAATTGCATTTGAAACTGGCAGACTAGAGTACTGTAGAGGGGGGTAGAATTTCAGGTGTAGCGGTGAAATGCGTAGAGATCTGAAGGAATACCGGTGGCGAAGGCGGCCCCCTGGACAGATACTGACACTCAGATGCGAAAGCGTGGGGAGCAAACAGG,-2.371,Kingdom_Bacteria,Phylum_Proteobacteria,Class_Gammaproteobacteria,Order_Vibrionales,Family_Vibrionaceae,Genus_Vibrio,Genus_Vibrio
8, TACGAAGGGGGCTAGCGTTGTTCGGAATTACTGGGCGTAAAGGGTACGTAGGCGGTTTAACCAGTCAGATGTGAAATCCCAGGGCTCAACCTTGGAACTGCATTTGATACTGTTAGACTAGAATCCGAGAGGGGACAGTGGAATTTCCAGTGTAGAGGTGACATCCGTAGATATTGGAAGGAACACCAGAGGCGAAGGCGACTGTCTGGATCGGTATTGACGCTGAGGTACGAAAGTGTGGGTAGCAAACAGG,-2.395,Kingdom_Bacteria,Phylum_Proteobacteria,Class_Alphaproteobacteria,Class_Alphaproteobacteria,Class_Alphaproteobacteria,Class_Alphaproteobacteria,Class_Alphaproteobacteria
9, GACGGAGGATGCAAGTGTTATCCGGAATCACTGGGCGTAAAGCGTCTGTAGGTGGTTTAATAAGTCAACTGTTAAATCTTGAGGCTTAACTTCAAAACTGCAGTCGAAACTATTAGACTAGAGTATAGTAGGGGTAAAGGGAATTTCCAGTGGAGCGGTGAAATGCGTAGATATTGGAAAGAACACCGATGGCGAAGGCACTTTACTGGGCTATTACTAACACTCAGAGACGAAAGCTAGGGTAGCAAATGGG,-3.655,Kingdom_Bacteria,Phylum_Cyanobacteria,Class_Cyanobacteriia,Order_Chloroplast,Order_Chloroplast,Order_Chloroplast,Order_Chloroplast
10, TACAGAGGGTGCAAGCGTTAATCGGAATTACTGGGCGTAAAGCGCGCGTAGGTGGTTCGTTAAGTTGGATGTGAAATCCCCGGGCTCAACCTGGGAACTGCATTCAAAACTGACGAGCTAGAGTATGGTAGAGGGTGGTGGAATTTCCTGTGTAGCGGTGAAATGCGTAGATATAGGAAGGAACACCAGTGGCGAAGGCGACCACCTGGACTGATACTGACACTGAGGTGCGAAAGCGTGGGGAGCAAACAGG,-2.528,Kingdom_Bacteria,Phylum_Proteobacteria,Class_Gammaproteobacteria,Order_Pseudomonadales,Family_Pseudomonadaceae,Genus_Pseudomonas,Genus_Pseudomonas
11, TACAGAGGGTGCGAGCGTTAATCGGATTTACTGGGCGTAAAGCGTGCGTAGGCGGCCATTTAAGTCAAATGTGAAATCCCCGAGCTTAACTTGGGAATTGCATTCGATACTGGATGGCTAGAGTATGGGAGAGGATGGTAGAATTCCAGGTGTAGCGGTGAAATGCGTAGAGATCTGGAGGAATACCGATGGCGAAGGCAGCCATCTGGCCTAATACTGACGCTGAGGTACGAAAGCATGGGGAGCAAACAGG,-2.274,Kingdom_Bacteria,Phylum_Proteobacteria,Class_Gammaproteobacteria,Order_Pseudomonadales,Family_Moraxellaceae,Genus_Acinetobacter,Genus_Acinetobacter
12, TACATAGGGTGCAAGCGTTATCCGGAATTATTGGGCGTAAAGCGTGCGTAGGCGGTTTACTAAGTCTGAAGTTAAAGCCTGGGGCTCAACCCCAGCCCGCTTTGGATACTGGTAGACTAGAGTTATATAGAGGTTAGCGGAACTCCATGTGAAGCGGTGGAATGCGTAGATATATGGAAGAACACCAAGAGCGAAGGCAGCTAACTGGATATACACTGACGCTGAGGCACGAAAGCGTGGGGAGCAAACAGG,-4.307,Kingdom_Bacteria,Phylum_Firmicutes,Class_Bacilli,Order_Mycoplasmatales,Family_Mycoplasmataceae,Genus_Mycoplasma,Genus_Mycoplasma
13, TACGGAGGGTGCAAGCGTTAATCGGAATTACTGGGCGTAAAGCGTGCGTAGGCGGCTACTTAAGTGGGATGTGAAAGCCCCGGGCTCAACCTGGGAACTGCATCCCAAACTGGGTAGCTAGAGTACGGCAGAGGAGTGTGGAATTTCCTGTGTAGCGGTGAAATGCGTAGATATAGGAAGGAACACCAGTGGCGAAGGCGACACTCTGGGCTGATACTGACGCTGAGGTACGAAAGCGTGGGGAGCAAACAGG,-2.89,Kingdom_Bacteria,Phylum_Proteobacteria,Class_Gammaproteobacteria,Order_Oceanospirillales,Family_Endozoicomonadaceae,Genus_Endozoicomonas,Genus_Endozoicomonas
