OTU ,Log2Fold ,Kingdom,Phylum,Class,Order,Family,Genus,Species,Significant to
TACAGAGGGTGCAAGCGTTAATCGGAATTACTGGGCGTAAAGCGCGCGTAGGTGGTTTGTTAAGTTGGATGTGAAATCCCCGGGCTCAACCTGGGAACTGCATTCAAAACTGACTGACTAGAGTATGGTAGAGGGTGGTGGAATTTCCTGTGTAGCGGTGAAATGCGTAGATATAGGAAGGAACACCAGTGGCGAAGGCGACCACCTGGACTAATACTGACACTGAGGTGCGAAAGCGTGGGGAGCAAACAGG,1.797044,Bacteria,Proteobacteria,Gammaproteobacteria,Pseudomonadales,Pseudomonadaceae,Pseudomonas,Genus Pseudomonas,Weight and Oysters 2018
TACGGAGGGGGCTAGCGTTGTTCGGAATTACTGGGCGTAAAGCGCACGTAGGTGGACTATTAAGTCAGGGGTGAAAGCCCGGGGCTCAACCCCGGAACTGCCTTTGATACTGATAGTCTTGAGTCCGGGAGAGGTGAGTGGAATTCCTAGTGTAGAGGTGAAATTCGTAGATATTAGGAGGAACACCAGTGGCGAAGGCGGCTCACTGGCCCGGTACTGACGCTGAGGTGCGAAAGCGTGGGGAGCAAACAGG,2.119918,Bacteria,Proteobacteria,Alphaproteobacteria,Rhizobiales,Order Rhizobiales,Order Rhizobiales,Order Rhizobiales,Weight and Oysters 2018
TACGGAGGGGGCTAGCGTTGTTCGGAATTACTGGGCGTAAAGCGCGCGTAGGCGGCTGTCCAAGTCAGGGGTGAAAGCCCGCGGCTCAACCGCGGAACTGCCCTTGAAACTGGACGGCTTGAACACGGGAGAGGTGAGTGGAATTCCGAGTGTAGAGGTGAAATTCGTAGATATTCGGAAGAACACCAGTGGCGAAGGCGACTCACTGGACCGTAGTTGACGCTGAGGCGCGAAAGCGTGGGGAGCGAACAGG,1.436716,Bacteria,Proteobacteria,Alphaproteobacteria,Sphingomonadales,Sphingomonadaceae,Sphingoaurantiacus,Genus Sphingoaurantiacus,Weight and Oysters 2018
TACGTAGGGTGCAAGCGTTGTCCGGATTTATTGGGTTTAAAGGGTGCGTAGGCGGTTTTATAAGTCAGTGGTGAAAGACAACAGCTCAACTGTTGAGGTGCCAATGATACTGTAGAACTTGAGTACAGACGAGGTAGGCGGAATTGACAGTGTAGCGGTGAAATGCATAGATATTGTCAAGAACACCGATAGCGAAGGCAGCTTGCTAGCCTGTAACTGACGCTGATGCACGAAAGTATGGGGATCAAACAGG,1.933743,Bacteria,Bacteroidota,Bacteroidia,Cytophagales,Microscillaceae,Family Microscillaceae,Family Microscillaceae,Weight and Oysters 2018
GACGAAGGGGGCGAGCGTTATCCGGAATGACTGGGCGTAAAGGGTCCGTAGGCAGCATTTTTTGTTAGAGGTAAAAGAAAAAAGCTCAACTTTTTTTGGCTTCTAAAACGTAAATGCTTTGAGTTTGAAAGGGGATAGCAGAATTTCACATGGAGGGGTGATATCCGTAGATATGTGAAGGAATACCAGAGGCGAAGGCGGCTATCCAGTTCAATACTGACGTTGAGGGACGAAAGCATGGGGAGCAAACAGG,-2.7737,Bacteria,Proteobacteria,Alphaproteobacteria,Rickettsiales,Mitochondria,Family Mitochondria,Family Mitochondria,Volume and Oysters 2018
GACGGGGGATGCAAGTGTTATCCGGATTTACTGGGCGTAAAGCGTCTGCAGGTGGTTTCTTAAGTCTACTGTTAAATCTTGAGGCTCAACCTCAAATCTGCATTAGAAACTAGGAGACTTGAGTATAGTAGGGGTAGAGGGAATTTCCAGTGGAGCGGTGAAATGCGTAGATATTGGAAAGAACACCGATGGCGAAGGCACTCTACTGGGCTATTACTGACACTCAGAGACGAAAGCTAGGGGAGCAAATGGG,-2.12037,Bacteria,Cyanobacteria,Cyanobacteriia,Chloroplast,Order Chloroplast,Order Chloroplast,Order Chloroplast,Volume and Oysters 2018
TACGGAGGATGCAAGCGTTATCCGGACTGATTGGGTGTAAAGCATCTGTAGGCGGTTTTGGAAGTCTACGGTTAAATCCCAGAGCTTAACTTTGGTTCAGCCGTAGAGTACTTCAAAGCTTGAGTATGGTAGGGGTAGAGGGAACTTCTCGTGGAGCGGTGAAATGCACAGAGATGAGAAGGAACACCAGTGGCGAAAGCGCTCTACTGGGCCATGACTGACGCTGAGAGATGACAGCTGAGGGAGCGAATAGG,-2.21696,Bacteria,Cyanobacteria,Cyanobacteriia,Chloroplast,Order Chloroplast,Order Chloroplast,Order Chloroplast,Volume and Oysters 2018
TACGTAGGTCCCAAGCGTTATCCGGAATTATTGGGCGTAAAGGGTCCGTAGACGGTTTATTAAGTCTGATGTGAAAGCCACCGGCTCAACCGGTGAAACGCATTAGATACTGGTAAACTAGAGTATGTTAGAGGATAGTGGAATTCCATGTGTAGCGGTGAAATGCGTAGATATATGGAGGAACACCAGTGGCGAAGGCGGCTATCTGGGACATTACTGACGTTGAGGGACGAAAGCGTGGGGAGCGAACAGG,-3.49874,Bacteria,Firmicutes,Bacilli,Mycoplasmatales,Mycoplasmataceae,Family Mycoplasmataceae,Family Mycoplasmataceae,Volume and Oysters 2018
GACGTAGGTGGCAAGCGTTATCCGGAATTATTGGGCGTAAAGAGTTCGTAGACGGCAAATTAAGTTCTTTGTAAAAGACGTAGTGGCTCAACCACCGGAATGCTTAGAAAACTGATTTGCTAGAGTTTGTCAGAGGATGGTGGAATTCCTTGTGTAGCGGTGGAATGCGTAGATATAAGGAGGAACACCAGTGGCGAAGGCGGCCATCTGGGACAAAACTGACGTTGAGGAACGAAAGCGTGGGTAGCAAACAGG,10.01479,Bacteria,Kingdom Bacteria,Kingdom Bacteria,Kingdom Bacteria,Kingdom Bacteria,Kingdom Bacteria,Kingdom Bacteria,Weight and Mussels 2018
TACGGAGGGTGCAAGCGTTAATCGGAATTACTGGGCGTAAAGCGCGCGTAGGCGGATACTTAAGTCGGATGTGAAAGCCCCGGGCTCAACCTGGGAATTGCATTCGATACTGAGTATCTGGAGTATAGTAGAGGGGGGTGGAATTTCCGGTGTAGCGGTGAAATGCGTAGAGATCGGAAGGAACATCAGTGGCGAAGGCGGCCCCCTGGACTAATACTGACGCTGAGGTGCGAAAGCGTGGGGAGCAAACAGG,9.149465,Bacteria,Proteobacteria,Gammaproteobacteria,Class Gammaproteobacteria,Class Gammaproteobacteria,Class Gammaproteobacteria,Class Gammaproteobacteria,Weight and Mussels 2018
TACGGAGGGTGTAAGCGTTATCCGGAATCATTGGGTTTAAAGGGTCCGTAGGCGGACTAATAAGTCAGGGGTGAAATCCCACGGCTCAACCGTGGAACTGCCTTTGATACTGTTAGTCTTGAGTTATAGTGAAGTAGATGGAATGTGTAGTGTAGCGGTGAAATGCATAGATATTACACAGAACACCGATTGCGAAGGCAGTCTACTAACTATTAACTGACGCTGAGGGACGAAAGCGTGGGGATCGAACAGG,20.03029,Bacteria,Bacteroidota,Bacteroidia,Flavobacteriales,Flavobacteriaceae,Family Flavobacteriaceae,Family Flavobacteriaceae,Weight and Mussels 2018
TACGGGGGGGACGAGCGTTGTTCGGATTTACTGGGCGTAAAGCGTATGTAGGCGGCTCAGCAAGTTAGAAGTGAAATCCCAGGTCTTAAACCTGGAACTGCTTTTAAAACTGCTGGACTAGAGTTAAGTAGAGGATAGTAGAATTCCTAATGTAGAGGTGAAATTCGTAGATATTAGGAGGAATGCCAGAGGCGAAGGCGGCTGTCTGGGCTTATACTGACGCTGAGATACGAAGGTGTAGGGAGCAAACAGG,-13.2216,Bacteria,Proteobacteria,Alphaproteobacteria,Rickettsiales,Order Rickettsiales,Order Rickettsiales,Order Rickettsiales,Weight and Mussels 2018
TACGTAGGGGGCGAACGTTGTTCGGAATCACTGGGCGTAAAGGGTGCGCAGGCTGCTCATCAAGTCAGTTGTGAAATTTCGTGGCTCAACCACGAAGCTGCTGCTGATACTGTTGGGCTAGAGTCATAGATAGAGGTAGCGGGAATTCCTGGTGTAGGAGTGAAATCTGTAGATATCAGGAGGAACACCAAGGGTGAAGACAAGCTACTGGGTAATGACTGACGCTGAGGCACGAAAGCTAGGGGAGCAAATGGG,-8.12258,Bacteria,Spirochaetota,Spirochaetia,Spirochaetales,Spirochaetaceae,Family Spirochaetaceae,Family Spirochaetaceae,Weight and Mussels 2018
TACGGAGGGTGCAAGCGTTACTCGGAATCACTGGGCGTAAAGTGCGCGTAGGTTGATTGAAAAGTTGGAAGTGAAATCCTATGGCTCAACCATAGAACTGCTTCCAAAACTCTTAATCTAGAATGTGGGAGAGGTAGATGGAATTTCTGGTGTAGGGGTAAAATCCGCAGAGATCAGAAGGAATACCAATAGCGAAGGCGATCTACTGGAACACTATTGACACTGAGGCGCGAAAGCGTGGGGAGCAAACAGG,-7.16337,Bacteria,Campilobacterota,Campylobacteria,Campylobacterales,Arcobacteraceae,Family Arcobacteraceae,Family Arcobacteraceae,Volume and Mussels 2018
TACGGAGGGTGCGAGCGTTAATCGGAATTACTGGGCGTAAAGTGCATGTAGGCTGGCTTGAAAGTTACGAGTGAAATGTCCTAGCTCAACTAGGGAATTGCTCGTAAAACTCCAAGTCTAGAGAATATGAGAGGAGGATGGAATTTTCAGTGTAGCAGTGAAATGCTTAAATATTGGAAGGAACACCCATAGCGAAGGCAGTCCTCTGGTGTATTTCTGACGCTGAGATGCGAAAGCCTAGGGAGCAAACAGG,-5.57238,Bacteria,Proteobacteria,Gammaproteobacteria,Class Gammaproteobacteria,Class Gammaproteobacteria,Class Gammaproteobacteria,Class Gammaproteobacteria,Volume and Mussels 2018
TACGGGGGGGACGAGCGTTGTTCGGATTTACTGGGCGTAAAGCGTATGTAGGCGGCTCAGCAAGTTAGAAGTGAAATCCCAGGTCTTAAACCTGGAACTGCTTTTAAAACTGCTGGACTAGAGTTAAGTAGAGGATAGTAGAATTCCTAATGTAGAGGTGAAATTCGTAGATATTAGGAGGAATGCCAGAGGCGAAGGCGGCTGTCTGGGCTTATACTGACGCTGAGATACGAAGGTGTAGGGAGCAAACAGG,-11.6939,Bacteria,Proteobacteria,Alphaproteobacteria,Rickettsiales,Order Rickettsiales,Order Rickettsiales,Order Rickettsiales,Volume and Mussels 2018
TACGTAGGGGGCGAACGTTGTTCGGAATCACTGGGCGTAAAGGGTGCGCAGGCTGCTCATCAAGTCAGTTGTGAAATTTCGTGGCTCAACCACGAAGCTGCTGCTGATACTGTTGGGCTAGAGTCATAGATAGAGGTAGCGGGAATTCCTGGTGTAGGAGTGAAATCTGTAGATATCAGGAGGAACACCAAGGGTGAAGACAAGCTACTGGGTAATGACTGACGCTGAGGCACGAAAGCTAGGGGAGCAAATGGG,-5.37544,Bacteria,Spirochaetota,Spirochaetia,Spirochaetales,Spirochaetaceae,Family Spirochaetaceae,Family Spirochaetaceae,Volume and Mussels 2018
TACGTAGGGTGCGAGCGTTAATCGGAATTACTGGGCGTAAAGCGTGCGCAGGCGGTTTTGTAAGTCAGATGTGAAATCCCCGAGCTTAACTTGGGAACTGCGTTTGAAACTACAAGACTAGAGTGTGTCAGAGGGGGGTAGAATTCCACGTGTAGCAGTGAAATGCGTAGAGATGTGGAGGAATATCAATGGCGAAGGCAGCCCCCTGGGATAACACTGACGCTCATGCACGAAAGCGTGGGGAGCGAACAGG,-13.0819,Bacteria,Proteobacteria,Gammaproteobacteria,Burkholderiales,Methylophilaceae,OM43 clade,Genus OM43 clade,Volume and Mussels 2018
TACGTGGGGTGTTAGCGTTACTCGGATTTATTGGGCGTAAAGAACACGTAGGCGGACCAATCAGCTTAAGGTTTAAGACCATGGCTCAACCATGGGAGTGCTTTAGGAACTATTGGTCTTGAGTGTGGTTGAAGATAATGGAACTTCTGGTGTAGGGGTAAAATCCGTAGATATCAGAAAGAACGCCAAAAGCGAAAGCAGTTATCTAAACCATTACTGACGTTGAGGTGTGAAAGCGTGGGTAGCAAACAGG,-7.42709,Bacteria,Proteobacteria,Alphaproteobacteria,Class Alphaproteobacteria,Class Alphaproteobacteria,Class Alphaproteobacteria,Class Alphaproteobacteria,Volume and Mussels 2018
GACGGAGGATGCAAGTGTTATCCGGAATCACTGGGCGTAAAGCGTCTGTAGGTGGTTTAATAAGTCAACTGTTAAATCTTGAGGCTCAACTTCAAAATCGCAGTCGAAACTATTAGACTAGAGTATAGTAGAGGTAAAGGGAATTTCCAGTGGAGCGGTGAAATGCGTAGATATTGGAAAGAACACCGATGGCGAAAGCACTTTACTGGGCTATTACTAACACTCAGAGACGAAAGCTAGGGTAGCAAATGGG,1.14465,Bacteria,Cyanobacteria,Cyanobacteriia,Chloroplast,Order Chloroplast,Order Chloroplast,Order Chloroplast,Volume and Oysters 2017
GACGGAGGATGCAAGTGTTATCCGGAATCACTGGGCGTAAAGCGTCTGTAGGTGGTTTAATAAGTCGGCTGTTAAATCTTGAGGCTTAACTTCAAAACTGCAGTCGAAACTATTAGACTAGAGTATAGTAGGGGTAAAGGGAATTTCCAGTGGAGCGGTGAAATGCGTAGATATTGGAAAGAACACCGATGGCGAAGGCACTTTACTGGGCTATTACTGACACTCAGAGACGAAAGCTAGGGTAGCAAATGGG,2.449572,Bacteria,Cyanobacteria,Cyanobacteriia,Chloroplast,Order Chloroplast,Order Chloroplast,Order Chloroplast,Volume and Oysters 2017
TACATAGGGTGCAAGCGTTATCCGGAATTATTGGGCGTAAAGCGTGCGTAGGCGGTTTACTAAGTCTGAAGTTAAAGCCTGGGGCTCAACCCCAGCCCGCTTTGGATACTGGTAGACTAGAGTTATATAGAGGTTAGCGGAACTCCATGTGAAGCGGTGGAATGCGTAGATATATGGAAGAACACCAAGAGCGAAGGCAGCTAACTGGATATACACTGACGCTGAGGCACGAAAGCGTGGGGAGCAAACAGG,2.372643,Bacteria,Firmicutes,Bacilli,Mycoplasmatales,Mycoplasmataceae,Mycoplasma,Genus Mycoplasma,Volume and Oysters 2017
TACATAGGGTGCAAGCGTTATCCGGAATTATTGGGCGTAAAGCGTTCGTAGGCGGTTTATTAAGTCTGAAGTTAAAGCTCGGTGCTCAACACCGACCCGCTTTGGATACTGATAGACTAGAGTTATATAGAGGTTAGCGGAACTCCATGTGAAGCGGTGGAATGCGTAGATATATGGAAGAACACCAATGGCGAAGGCAGCTAACTGGATATACACTGACGCTGAGGAACGAAAGCGTGGGGAGCAAACAGG,0.695653,Bacteria,Firmicutes,Bacilli,Mycoplasmatales,Mycoplasmataceae,Mycoplasma,Genus Mycoplasma,Volume and Oysters 2017
TACATAGGGTGCAAGCGTTATCCGGAATTATTGGGCGTAAAGCGTTCGTAGGTGGTCAAGAAAGTCTGAAGTTAAAGCTCGGGGCTCAACCCCGACCCGCTTTGGAAACTACTTGACTAGAGTCATGAAGAGGTTAGCGGAACTCCATGTGAAGCGGTGGAATGCGTAGATATATGGAAGAACACCAATGGCGAAGGCAGCTAACTGGGAATGAACTGACACTGAGGGACGAAAGCGTGGGGAGCAAACAGG,0.944941,Bacteria,Firmicutes,Bacilli,Mycoplasmatales,Mycoplasmataceae,Mycoplasma,Genus Mycoplasma,Volume and Oysters 2017
TACGAGGGGTGCAAGCGTTAATCGGAATTACTGGGCGTAAAGCGTACGCAGGCGGTTGATTAAGCGAGATGTGAAAGCCCCGGGCTTAACCTGGGAACTGCATTTCGAACTGGTCAACTAGAGTCTTGTAGAGGGGGGTAGAATTTCAGGTGTAGCGGTGAAATGCGTAGAGATCTGAAGGAATACCGGTGGCGAAGGCGGCCCCCTGGACAAAGACTGACGCTCAGGTACGAAAGCGTGGGGAGCAAACAGG,1.319657,Bacteria,Proteobacteria,Gammaproteobacteria,Alteromonadales,Shewanellaceae,Shewanella,Genus Shewanella,Volume and Oysters 2017
TACGGAGGGTGCAAGCATTAATCGGGATTATTAGGCGTAAAGGGTGCGTAGGCGGCTATGTAAGTCAAATGTGAAATCCTGGGGCTTAACCCCAGGGCTGCATTTGAAACTGCATGACTAGAGGATGGACGGAGGAAGCGGAATTCTACATGTAGCGGTGAAATGCGTGGATATGTAGAAGAACACCGGTGGCGAAAGCGGCTTTCTAGTTTAATCCTGACGCTGAGGCACGATAGCAGGGGGAGCAAACAGG,3.389547,Bacteria,Verrucomicrobiota,Chlamydiae,Chlamydiales,Order Chlamydiales,Order Chlamydiales,Order Chlamydiales,Volume and Oysters 2017
TACGGAGGGTGCAAGCGTTACTCGGAATCACTGGGCGTAAAGAGCGTGTAGGCGGGTTTGTAAGTTTGAAGTGAAATCCAATGGCTCAACCATTGAACTGCTTTGAAAACTGCTTACCTAGAATATGGGAGAGGTAGATGGAATTTCTGGTGTAGGGGTAAAATCCGTAGAGATCAGAAGGAATACCGATTGCGAAGGCGATCTACTGGAACATTATTGACGCTGAGACGCGAAAGCGTGGGGAGCAAACAGG,2.024855,Bacteria,Campilobacterota,Campylobacteria,Campylobacterales,Arcobacteraceae,Poseidonibacter,lekithochrous,Volume and Oysters 2017
TACGTATGTCGCAAGCGTTATCCGGAATTATTGGGCGTAAAGCGAGTCTAGGCGGTTTGTTAAGTCAGATGTGAAAATGCGGGGCTCAACTCCGTATGGCCTTTGATACTGGCAAACTAGAGTACTGGAGAGGTGGGCGGAACTACAAGTGTAGAGGTGAAATTCGTAGATATTTGTAGGAATGCCGATAGTGAAGACAGCTCACTGGACAGATACTGACGCTAAAGCTCGAAAGCGTGGGGAGCAAACAGG,0.912956,Bacteria,Fusobacteriota,Fusobacteriia,Fusobacteriales,Fusobacteriaceae,Psychrilyobacter,Genus Psychrilyobacter,Volume and Oysters 2017
TTCCAGCTCCAATAGCGTATACTAATGTTGTTGCAGTTAAAAAGCTCGTAGTTGAAATTATATCTCATCAGAGATCAACCTTTATGGTGATTATTGTGAATAAATTAGAGTGTTTCAGGCAGACTACGTTTGAATACATAAGCATGGAATAATAAAATATGAATTTTTAATTTTGGTTTTAAATTTTAATGATTAATAGAAGCAATTGGGGGCATTCGTATTTAATAGTCAGAGGTAAAATTCTTGGATTTATTAAAGACGAACTAAAGCGAAAGCATTTGTCAAAGATGTTTTCATTAATCAAGAACGAAAGTTAGGGGATCAAAGACG,2.069485,Eukaryota,Kingdom Eukaryota,Kingdom Eukaryota,Kingdom Eukaryota,Kingdom Eukaryota,Kingdom Eukaryota,Kingdom Eukaryota,Volume and Oysters 2017